"GEO_ID","id"
"NAME","Geographic Area Name"
"DP03_0001E","Estimate!!EMPLOYMENT STATUS!!Population 16 years and over"
"DP03_0001M","Estimate Margin of Error!!EMPLOYMENT STATUS!!Population 16 years and over"
"DP03_0001PE","Percent!!EMPLOYMENT STATUS!!Population 16 years and over"
"DP03_0001PM","Percent Margin of Error!!EMPLOYMENT STATUS!!Population 16 years and over"
"DP03_0002E","Estimate!!EMPLOYMENT STATUS!!In labor force"
"DP03_0002M","Estimate Margin of Error!!EMPLOYMENT STATUS!!In labor force"
"DP03_0002PE","Percent!!EMPLOYMENT STATUS!!In labor force"
"DP03_0002PM","Percent Margin of Error!!EMPLOYMENT STATUS!!In labor force"
"DP03_0003E","Estimate!!EMPLOYMENT STATUS!!In labor force!!Civilian labor force"
"DP03_0003M","Estimate Margin of Error!!EMPLOYMENT STATUS!!In labor force!!Civilian labor force"
"DP03_0003PE","Percent!!EMPLOYMENT STATUS!!In labor force!!Civilian labor force"
"DP03_0003PM","Percent Margin of Error!!EMPLOYMENT STATUS!!In labor force!!Civilian labor force"
"DP03_0004E","Estimate!!EMPLOYMENT STATUS!!In labor force!!Civilian labor force!!Employed"
"DP03_0004M","Estimate Margin of Error!!EMPLOYMENT STATUS!!In labor force!!Civilian labor force!!Employed"
"DP03_0004PE","Percent!!EMPLOYMENT STATUS!!In labor force!!Civilian labor force!!Employed"
"DP03_0004PM","Percent Margin of Error!!EMPLOYMENT STATUS!!In labor force!!Civilian labor force!!Employed"
"DP03_0005E","Estimate!!EMPLOYMENT STATUS!!In labor force!!Civilian labor force!!Unemployed"
"DP03_0005M","Estimate Margin of Error!!EMPLOYMENT STATUS!!In labor force!!Civilian labor force!!Unemployed"
"DP03_0005PE","Percent!!EMPLOYMENT STATUS!!In labor force!!Civilian labor force!!Unemployed"
"DP03_0005PM","Percent Margin of Error!!EMPLOYMENT STATUS!!In labor force!!Civilian labor force!!Unemployed"
"DP03_0006E","Estimate!!EMPLOYMENT STATUS!!In labor force!!Armed Forces"
"DP03_0006M","Estimate Margin of Error!!EMPLOYMENT STATUS!!In labor force!!Armed Forces"
"DP03_0006PE","Percent!!EMPLOYMENT STATUS!!In labor force!!Armed Forces"
"DP03_0006PM","Percent Margin of Error!!EMPLOYMENT STATUS!!In labor force!!Armed Forces"
"DP03_0007E","Estimate!!EMPLOYMENT STATUS!!Not in labor force"
"DP03_0007M","Estimate Margin of Error!!EMPLOYMENT STATUS!!Not in labor force"
"DP03_0007PE","Percent!!EMPLOYMENT STATUS!!Not in labor force"
"DP03_0007PM","Percent Margin of Error!!EMPLOYMENT STATUS!!Not in labor force"
"DP03_0008E","Estimate!!EMPLOYMENT STATUS!!Civilian labor force"
"DP03_0008M","Estimate Margin of Error!!EMPLOYMENT STATUS!!Civilian labor force"
"DP03_0008PE","Percent!!EMPLOYMENT STATUS!!Civilian labor force"
"DP03_0008PM","Percent Margin of Error!!EMPLOYMENT STATUS!!Civilian labor force"
"DP03_0009E","Estimate!!EMPLOYMENT STATUS!!Percent Unemployed"
"DP03_0009M","Estimate Margin of Error!!EMPLOYMENT STATUS!!Percent Unemployed"
"DP03_0009PE","Percent!!EMPLOYMENT STATUS!!Percent Unemployed"
"DP03_0009PM","Percent Margin of Error!!EMPLOYMENT STATUS!!Percent Unemployed"
"DP03_0010E","Estimate!!EMPLOYMENT STATUS!!Females 16 years and over"
"DP03_0010M","Estimate Margin of Error!!EMPLOYMENT STATUS!!Females 16 years and over"
"DP03_0010PE","Percent!!EMPLOYMENT STATUS!!Females 16 years and over"
"DP03_0010PM","Percent Margin of Error!!EMPLOYMENT STATUS!!Females 16 years and over"
"DP03_0011E","Estimate!!EMPLOYMENT STATUS!!In labor force"
"DP03_0011M","Estimate Margin of Error!!EMPLOYMENT STATUS!!In labor force"
"DP03_0011PE","Percent!!EMPLOYMENT STATUS!!In labor force"
"DP03_0011PM","Percent Margin of Error!!EMPLOYMENT STATUS!!In labor force"
"DP03_0012E","Estimate!!EMPLOYMENT STATUS!!In labor force!!Civilian labor force"
"DP03_0012M","Estimate Margin of Error!!EMPLOYMENT STATUS!!In labor force!!Civilian labor force"
"DP03_0012PE","Percent!!EMPLOYMENT STATUS!!In labor force!!Civilian labor force"
"DP03_0012PM","Percent Margin of Error!!EMPLOYMENT STATUS!!In labor force!!Civilian labor force"
"DP03_0013E","Estimate!!EMPLOYMENT STATUS!!In labor force!!Civilian labor force!!Employed"
"DP03_0013M","Estimate Margin of Error!!EMPLOYMENT STATUS!!In labor force!!Civilian labor force!!Employed"
"DP03_0013PE","Percent!!EMPLOYMENT STATUS!!In labor force!!Civilian labor force!!Employed"
"DP03_0013PM","Percent Margin of Error!!EMPLOYMENT STATUS!!In labor force!!Civilian labor force!!Employed"
"DP03_0014E","Estimate!!EMPLOYMENT STATUS!!Own children under 6 years"
"DP03_0014M","Estimate Margin of Error!!EMPLOYMENT STATUS!!Own children under 6 years"
"DP03_0014PE","Percent!!EMPLOYMENT STATUS!!Own children under 6 years"
"DP03_0014PM","Percent Margin of Error!!EMPLOYMENT STATUS!!Own children under 6 years"
"DP03_0015E","Estimate!!EMPLOYMENT STATUS!!All parents in family in labor force"
"DP03_0015M","Estimate Margin of Error!!EMPLOYMENT STATUS!!All parents in family in labor force"
"DP03_0015PE","Percent!!EMPLOYMENT STATUS!!All parents in family in labor force"
"DP03_0015PM","Percent Margin of Error!!EMPLOYMENT STATUS!!All parents in family in labor force"
"DP03_0016E","Estimate!!EMPLOYMENT STATUS!!Own children 6 to 17 years"
"DP03_0016M","Estimate Margin of Error!!EMPLOYMENT STATUS!!Own children 6 to 17 years"
"DP03_0016PE","Percent!!EMPLOYMENT STATUS!!Own children 6 to 17 years"
"DP03_0016PM","Percent Margin of Error!!EMPLOYMENT STATUS!!Own children 6 to 17 years"
"DP03_0017E","Estimate!!EMPLOYMENT STATUS!!All parents in family in labor force"
"DP03_0017M","Estimate Margin of Error!!EMPLOYMENT STATUS!!All parents in family in labor force"
"DP03_0017PE","Percent!!EMPLOYMENT STATUS!!All parents in family in labor force"
"DP03_0017PM","Percent Margin of Error!!EMPLOYMENT STATUS!!All parents in family in labor force"
"DP03_0018E","Estimate!!COMMUTING TO WORK!!Workers 16 years and over"
"DP03_0018M","Estimate Margin of Error!!COMMUTING TO WORK!!Workers 16 years and over"
"DP03_0018PE","Percent!!COMMUTING TO WORK!!Workers 16 years and over"
"DP03_0018PM","Percent Margin of Error!!COMMUTING TO WORK!!Workers 16 years and over"
"DP03_0019E","Estimate!!COMMUTING TO WORK!!Car, truck, or van -- drove alone"
"DP03_0019M","Estimate Margin of Error!!COMMUTING TO WORK!!Car, truck, or van -- drove alone"
"DP03_0019PE","Percent!!COMMUTING TO WORK!!Car, truck, or van -- drove alone"
"DP03_0019PM","Percent Margin of Error!!COMMUTING TO WORK!!Car, truck, or van -- drove alone"
"DP03_0020E","Estimate!!COMMUTING TO WORK!!Car, truck, or van -- carpooled"
"DP03_0020M","Estimate Margin of Error!!COMMUTING TO WORK!!Car, truck, or van -- carpooled"
"DP03_0020PE","Percent!!COMMUTING TO WORK!!Car, truck, or van -- carpooled"
"DP03_0020PM","Percent Margin of Error!!COMMUTING TO WORK!!Car, truck, or van -- carpooled"
"DP03_0021E","Estimate!!COMMUTING TO WORK!!Public transportation (excluding taxicab)"
"DP03_0021M","Estimate Margin of Error!!COMMUTING TO WORK!!Public transportation (excluding taxicab)"
"DP03_0021PE","Percent!!COMMUTING TO WORK!!Public transportation (excluding taxicab)"
"DP03_0021PM","Percent Margin of Error!!COMMUTING TO WORK!!Public transportation (excluding taxicab)"
"DP03_0022E","Estimate!!COMMUTING TO WORK!!Walked"
"DP03_0022M","Estimate Margin of Error!!COMMUTING TO WORK!!Walked"
"DP03_0022PE","Percent!!COMMUTING TO WORK!!Walked"
"DP03_0022PM","Percent Margin of Error!!COMMUTING TO WORK!!Walked"
"DP03_0023E","Estimate!!COMMUTING TO WORK!!Other means"
"DP03_0023M","Estimate Margin of Error!!COMMUTING TO WORK!!Other means"
"DP03_0023PE","Percent!!COMMUTING TO WORK!!Other means"
"DP03_0023PM","Percent Margin of Error!!COMMUTING TO WORK!!Other means"
"DP03_0024E","Estimate!!COMMUTING TO WORK!!Worked at home"
"DP03_0024M","Estimate Margin of Error!!COMMUTING TO WORK!!Worked at home"
"DP03_0024PE","Percent!!COMMUTING TO WORK!!Worked at home"
"DP03_0024PM","Percent Margin of Error!!COMMUTING TO WORK!!Worked at home"
"DP03_0025E","Estimate!!COMMUTING TO WORK!!Mean travel time to work (minutes)"
"DP03_0025M","Estimate Margin of Error!!COMMUTING TO WORK!!Mean travel time to work (minutes)"
"DP03_0025PE","Percent!!COMMUTING TO WORK!!Mean travel time to work (minutes)"
"DP03_0025PM","Percent Margin of Error!!COMMUTING TO WORK!!Mean travel time to work (minutes)"
"DP03_0026E","Estimate!!OCCUPATION!!Civilian employed population 16 years and over"
"DP03_0026M","Estimate Margin of Error!!OCCUPATION!!Civilian employed population 16 years and over"
"DP03_0026PE","Percent!!OCCUPATION!!Civilian employed population 16 years and over"
"DP03_0026PM","Percent Margin of Error!!OCCUPATION!!Civilian employed population 16 years and over"
"DP03_0027E","Estimate!!OCCUPATION!!Management, business, science, and arts occupations"
"DP03_0027M","Estimate Margin of Error!!OCCUPATION!!Management, business, science, and arts occupations"
"DP03_0027PE","Percent!!OCCUPATION!!Management, business, science, and arts occupations"
"DP03_0027PM","Percent Margin of Error!!OCCUPATION!!Management, business, science, and arts occupations"
"DP03_0028E","Estimate!!OCCUPATION!!Service occupations"
"DP03_0028M","Estimate Margin of Error!!OCCUPATION!!Service occupations"
"DP03_0028PE","Percent!!OCCUPATION!!Service occupations"
"DP03_0028PM","Percent Margin of Error!!OCCUPATION!!Service occupations"
"DP03_0029E","Estimate!!OCCUPATION!!Sales and office occupations"
"DP03_0029M","Estimate Margin of Error!!OCCUPATION!!Sales and office occupations"
"DP03_0029PE","Percent!!OCCUPATION!!Sales and office occupations"
"DP03_0029PM","Percent Margin of Error!!OCCUPATION!!Sales and office occupations"
"DP03_0030E","Estimate!!OCCUPATION!!Natural resources, construction, and maintenance occupations"
"DP03_0030M","Estimate Margin of Error!!OCCUPATION!!Natural resources, construction, and maintenance occupations"
"DP03_0030PE","Percent!!OCCUPATION!!Natural resources, construction, and maintenance occupations"
"DP03_0030PM","Percent Margin of Error!!OCCUPATION!!Natural resources, construction, and maintenance occupations"
"DP03_0031E","Estimate!!OCCUPATION!!Production, transportation, and material moving occupations"
"DP03_0031M","Estimate Margin of Error!!OCCUPATION!!Production, transportation, and material moving occupations"
"DP03_0031PE","Percent!!OCCUPATION!!Production, transportation, and material moving occupations"
"DP03_0031PM","Percent Margin of Error!!OCCUPATION!!Production, transportation, and material moving occupations"
"DP03_0032E","Estimate!!INDUSTRY!!Civilian employed population 16 years and over"
"DP03_0032M","Estimate Margin of Error!!INDUSTRY!!Civilian employed population 16 years and over"
"DP03_0032PE","Percent!!INDUSTRY!!Civilian employed population 16 years and over"
"DP03_0032PM","Percent Margin of Error!!INDUSTRY!!Civilian employed population 16 years and over"
"DP03_0033E","Estimate!!INDUSTRY!!Agriculture, forestry, fishing and hunting, and mining"
"DP03_0033M","Estimate Margin of Error!!INDUSTRY!!Agriculture, forestry, fishing and hunting, and mining"
"DP03_0033PE","Percent!!INDUSTRY!!Agriculture, forestry, fishing and hunting, and mining"
"DP03_0033PM","Percent Margin of Error!!INDUSTRY!!Agriculture, forestry, fishing and hunting, and mining"
"DP03_0034E","Estimate!!INDUSTRY!!Construction"
"DP03_0034M","Estimate Margin of Error!!INDUSTRY!!Construction"
"DP03_0034PE","Percent!!INDUSTRY!!Construction"
"DP03_0034PM","Percent Margin of Error!!INDUSTRY!!Construction"
"DP03_0035E","Estimate!!INDUSTRY!!Manufacturing"
"DP03_0035M","Estimate Margin of Error!!INDUSTRY!!Manufacturing"
"DP03_0035PE","Percent!!INDUSTRY!!Manufacturing"
"DP03_0035PM","Percent Margin of Error!!INDUSTRY!!Manufacturing"
"DP03_0036E","Estimate!!INDUSTRY!!Wholesale trade"
"DP03_0036M","Estimate Margin of Error!!INDUSTRY!!Wholesale trade"
"DP03_0036PE","Percent!!INDUSTRY!!Wholesale trade"
"DP03_0036PM","Percent Margin of Error!!INDUSTRY!!Wholesale trade"
"DP03_0037E","Estimate!!INDUSTRY!!Retail trade"
"DP03_0037M","Estimate Margin of Error!!INDUSTRY!!Retail trade"
"DP03_0037PE","Percent!!INDUSTRY!!Retail trade"
"DP03_0037PM","Percent Margin of Error!!INDUSTRY!!Retail trade"
"DP03_0038E","Estimate!!INDUSTRY!!Transportation and warehousing, and utilities"
"DP03_0038M","Estimate Margin of Error!!INDUSTRY!!Transportation and warehousing, and utilities"
"DP03_0038PE","Percent!!INDUSTRY!!Transportation and warehousing, and utilities"
"DP03_0038PM","Percent Margin of Error!!INDUSTRY!!Transportation and warehousing, and utilities"
"DP03_0039E","Estimate!!INDUSTRY!!Information"
"DP03_0039M","Estimate Margin of Error!!INDUSTRY!!Information"
"DP03_0039PE","Percent!!INDUSTRY!!Information"
"DP03_0039PM","Percent Margin of Error!!INDUSTRY!!Information"
"DP03_0040E","Estimate!!INDUSTRY!!Finance and insurance, and real estate and rental and leasing"
"DP03_0040M","Estimate Margin of Error!!INDUSTRY!!Finance and insurance, and real estate and rental and leasing"
"DP03_0040PE","Percent!!INDUSTRY!!Finance and insurance, and real estate and rental and leasing"
"DP03_0040PM","Percent Margin of Error!!INDUSTRY!!Finance and insurance, and real estate and rental and leasing"
"DP03_0041E","Estimate!!INDUSTRY!!Professional, scientific, and management, and administrative and waste management services"
"DP03_0041M","Estimate Margin of Error!!INDUSTRY!!Professional, scientific, and management, and administrative and waste management services"
"DP03_0041PE","Percent!!INDUSTRY!!Professional, scientific, and management, and administrative and waste management services"
"DP03_0041PM","Percent Margin of Error!!INDUSTRY!!Professional, scientific, and management, and administrative and waste management services"
"DP03_0042E","Estimate!!INDUSTRY!!Educational services, and health care and social assistance"
"DP03_0042M","Estimate Margin of Error!!INDUSTRY!!Educational services, and health care and social assistance"
"DP03_0042PE","Percent!!INDUSTRY!!Educational services, and health care and social assistance"
"DP03_0042PM","Percent Margin of Error!!INDUSTRY!!Educational services, and health care and social assistance"
"DP03_0043E","Estimate!!INDUSTRY!!Arts, entertainment, and recreation, and accommodation and food services"
"DP03_0043M","Estimate Margin of Error!!INDUSTRY!!Arts, entertainment, and recreation, and accommodation and food services"
"DP03_0043PE","Percent!!INDUSTRY!!Arts, entertainment, and recreation, and accommodation and food services"
"DP03_0043PM","Percent Margin of Error!!INDUSTRY!!Arts, entertainment, and recreation, and accommodation and food services"
"DP03_0044E","Estimate!!INDUSTRY!!Other services, except public administration"
"DP03_0044M","Estimate Margin of Error!!INDUSTRY!!Other services, except public administration"
"DP03_0044PE","Percent!!INDUSTRY!!Other services, except public administration"
"DP03_0044PM","Percent Margin of Error!!INDUSTRY!!Other services, except public administration"
"DP03_0045E","Estimate!!INDUSTRY!!Public administration"
"DP03_0045M","Estimate Margin of Error!!INDUSTRY!!Public administration"
"DP03_0045PE","Percent!!INDUSTRY!!Public administration"
"DP03_0045PM","Percent Margin of Error!!INDUSTRY!!Public administration"
"DP03_0046E","Estimate!!CLASS OF WORKER!!Civilian employed population 16 years and over"
"DP03_0046M","Estimate Margin of Error!!CLASS OF WORKER!!Civilian employed population 16 years and over"
"DP03_0046PE","Percent!!CLASS OF WORKER!!Civilian employed population 16 years and over"
"DP03_0046PM","Percent Margin of Error!!CLASS OF WORKER!!Civilian employed population 16 years and over"
"DP03_0047E","Estimate!!CLASS OF WORKER!!Private wage and salary workers"
"DP03_0047M","Estimate Margin of Error!!CLASS OF WORKER!!Private wage and salary workers"
"DP03_0047PE","Percent!!CLASS OF WORKER!!Private wage and salary workers"
"DP03_0047PM","Percent Margin of Error!!CLASS OF WORKER!!Private wage and salary workers"
"DP03_0048E","Estimate!!CLASS OF WORKER!!Government workers"
"DP03_0048M","Estimate Margin of Error!!CLASS OF WORKER!!Government workers"
"DP03_0048PE","Percent!!CLASS OF WORKER!!Government workers"
"DP03_0048PM","Percent Margin of Error!!CLASS OF WORKER!!Government workers"
"DP03_0049E","Estimate!!CLASS OF WORKER!!Self-employed in own not incorporated business workers"
"DP03_0049M","Estimate Margin of Error!!CLASS OF WORKER!!Self-employed in own not incorporated business workers"
"DP03_0049PE","Percent!!CLASS OF WORKER!!Self-employed in own not incorporated business workers"
"DP03_0049PM","Percent Margin of Error!!CLASS OF WORKER!!Self-employed in own not incorporated business workers"
"DP03_0050E","Estimate!!CLASS OF WORKER!!Unpaid family workers"
"DP03_0050M","Estimate Margin of Error!!CLASS OF WORKER!!Unpaid family workers"
"DP03_0050PE","Percent!!CLASS OF WORKER!!Unpaid family workers"
"DP03_0050PM","Percent Margin of Error!!CLASS OF WORKER!!Unpaid family workers"
"DP03_0051E","Estimate!!INCOME AND BENEFITS (IN 2010 INFLATION-ADJUSTED DOLLARS)!!Total households"
"DP03_0051M","Estimate Margin of Error!!INCOME AND BENEFITS (IN 2010 INFLATION-ADJUSTED DOLLARS)!!Total households"
"DP03_0051PE","Percent!!INCOME AND BENEFITS (IN 2010 INFLATION-ADJUSTED DOLLARS)!!Total households"
"DP03_0051PM","Percent Margin of Error!!INCOME AND BENEFITS (IN 2010 INFLATION-ADJUSTED DOLLARS)!!Total households"
"DP03_0052E","Estimate!!INCOME AND BENEFITS (IN 2010 INFLATION-ADJUSTED DOLLARS)!!Less than $10,000"
"DP03_0052M","Estimate Margin of Error!!INCOME AND BENEFITS (IN 2010 INFLATION-ADJUSTED DOLLARS)!!Less than $10,000"
"DP03_0052PE","Percent!!INCOME AND BENEFITS (IN 2010 INFLATION-ADJUSTED DOLLARS)!!Less than $10,000"
"DP03_0052PM","Percent Margin of Error!!INCOME AND BENEFITS (IN 2010 INFLATION-ADJUSTED DOLLARS)!!Less than $10,000"
"DP03_0053E","Estimate!!INCOME AND BENEFITS (IN 2010 INFLATION-ADJUSTED DOLLARS)!!$10,000 to $14,999"
"DP03_0053M","Estimate Margin of Error!!INCOME AND BENEFITS (IN 2010 INFLATION-ADJUSTED DOLLARS)!!$10,000 to $14,999"
"DP03_0053PE","Percent!!INCOME AND BENEFITS (IN 2010 INFLATION-ADJUSTED DOLLARS)!!$10,000 to $14,999"
"DP03_0053PM","Percent Margin of Error!!INCOME AND BENEFITS (IN 2010 INFLATION-ADJUSTED DOLLARS)!!$10,000 to $14,999"
"DP03_0054E","Estimate!!INCOME AND BENEFITS (IN 2010 INFLATION-ADJUSTED DOLLARS)!!$15,000 to $24,999"
"DP03_0054M","Estimate Margin of Error!!INCOME AND BENEFITS (IN 2010 INFLATION-ADJUSTED DOLLARS)!!$15,000 to $24,999"
"DP03_0054PE","Percent!!INCOME AND BENEFITS (IN 2010 INFLATION-ADJUSTED DOLLARS)!!$15,000 to $24,999"
"DP03_0054PM","Percent Margin of Error!!INCOME AND BENEFITS (IN 2010 INFLATION-ADJUSTED DOLLARS)!!$15,000 to $24,999"
"DP03_0055E","Estimate!!INCOME AND BENEFITS (IN 2010 INFLATION-ADJUSTED DOLLARS)!!$25,000 to $34,999"
"DP03_0055M","Estimate Margin of Error!!INCOME AND BENEFITS (IN 2010 INFLATION-ADJUSTED DOLLARS)!!$25,000 to $34,999"
"DP03_0055PE","Percent!!INCOME AND BENEFITS (IN 2010 INFLATION-ADJUSTED DOLLARS)!!$25,000 to $34,999"
"DP03_0055PM","Percent Margin of Error!!INCOME AND BENEFITS (IN 2010 INFLATION-ADJUSTED DOLLARS)!!$25,000 to $34,999"
"DP03_0056E","Estimate!!INCOME AND BENEFITS (IN 2010 INFLATION-ADJUSTED DOLLARS)!!$35,000 to $49,999"
"DP03_0056M","Estimate Margin of Error!!INCOME AND BENEFITS (IN 2010 INFLATION-ADJUSTED DOLLARS)!!$35,000 to $49,999"
"DP03_0056PE","Percent!!INCOME AND BENEFITS (IN 2010 INFLATION-ADJUSTED DOLLARS)!!$35,000 to $49,999"
"DP03_0056PM","Percent Margin of Error!!INCOME AND BENEFITS (IN 2010 INFLATION-ADJUSTED DOLLARS)!!$35,000 to $49,999"
"DP03_0057E","Estimate!!INCOME AND BENEFITS (IN 2010 INFLATION-ADJUSTED DOLLARS)!!$50,000 to $74,999"
"DP03_0057M","Estimate Margin of Error!!INCOME AND BENEFITS (IN 2010 INFLATION-ADJUSTED DOLLARS)!!$50,000 to $74,999"
"DP03_0057PE","Percent!!INCOME AND BENEFITS (IN 2010 INFLATION-ADJUSTED DOLLARS)!!$50,000 to $74,999"
"DP03_0057PM","Percent Margin of Error!!INCOME AND BENEFITS (IN 2010 INFLATION-ADJUSTED DOLLARS)!!$50,000 to $74,999"
"DP03_0058E","Estimate!!INCOME AND BENEFITS (IN 2010 INFLATION-ADJUSTED DOLLARS)!!$75,000 to $99,999"
"DP03_0058M","Estimate Margin of Error!!INCOME AND BENEFITS (IN 2010 INFLATION-ADJUSTED DOLLARS)!!$75,000 to $99,999"
"DP03_0058PE","Percent!!INCOME AND BENEFITS (IN 2010 INFLATION-ADJUSTED DOLLARS)!!$75,000 to $99,999"
"DP03_0058PM","Percent Margin of Error!!INCOME AND BENEFITS (IN 2010 INFLATION-ADJUSTED DOLLARS)!!$75,000 to $99,999"
"DP03_0059E","Estimate!!INCOME AND BENEFITS (IN 2010 INFLATION-ADJUSTED DOLLARS)!!$100,000 to $149,999"
"DP03_0059M","Estimate Margin of Error!!INCOME AND BENEFITS (IN 2010 INFLATION-ADJUSTED DOLLARS)!!$100,000 to $149,999"
"DP03_0059PE","Percent!!INCOME AND BENEFITS (IN 2010 INFLATION-ADJUSTED DOLLARS)!!$100,000 to $149,999"
"DP03_0059PM","Percent Margin of Error!!INCOME AND BENEFITS (IN 2010 INFLATION-ADJUSTED DOLLARS)!!$100,000 to $149,999"
"DP03_0060E","Estimate!!INCOME AND BENEFITS (IN 2010 INFLATION-ADJUSTED DOLLARS)!!$150,000 to $199,999"
"DP03_0060M","Estimate Margin of Error!!INCOME AND BENEFITS (IN 2010 INFLATION-ADJUSTED DOLLARS)!!$150,000 to $199,999"
"DP03_0060PE","Percent!!INCOME AND BENEFITS (IN 2010 INFLATION-ADJUSTED DOLLARS)!!$150,000 to $199,999"
"DP03_0060PM","Percent Margin of Error!!INCOME AND BENEFITS (IN 2010 INFLATION-ADJUSTED DOLLARS)!!$150,000 to $199,999"
"DP03_0061E","Estimate!!INCOME AND BENEFITS (IN 2010 INFLATION-ADJUSTED DOLLARS)!!$200,000 or more"
"DP03_0061M","Estimate Margin of Error!!INCOME AND BENEFITS (IN 2010 INFLATION-ADJUSTED DOLLARS)!!$200,000 or more"
"DP03_0061PE","Percent!!INCOME AND BENEFITS (IN 2010 INFLATION-ADJUSTED DOLLARS)!!$200,000 or more"
"DP03_0061PM","Percent Margin of Error!!INCOME AND BENEFITS (IN 2010 INFLATION-ADJUSTED DOLLARS)!!$200,000 or more"
"DP03_0062E","Estimate!!INCOME AND BENEFITS (IN 2010 INFLATION-ADJUSTED DOLLARS)!!Median household income (dollars)"
"DP03_0062M","Estimate Margin of Error!!INCOME AND BENEFITS (IN 2010 INFLATION-ADJUSTED DOLLARS)!!Median household income (dollars)"
"DP03_0062PE","Percent!!INCOME AND BENEFITS (IN 2010 INFLATION-ADJUSTED DOLLARS)!!Median household income (dollars)"
"DP03_0062PM","Percent Margin of Error!!INCOME AND BENEFITS (IN 2010 INFLATION-ADJUSTED DOLLARS)!!Median household income (dollars)"
"DP03_0063E","Estimate!!INCOME AND BENEFITS (IN 2010 INFLATION-ADJUSTED DOLLARS)!!Mean household income (dollars)"
"DP03_0063M","Estimate Margin of Error!!INCOME AND BENEFITS (IN 2010 INFLATION-ADJUSTED DOLLARS)!!Mean household income (dollars)"
"DP03_0063PE","Percent!!INCOME AND BENEFITS (IN 2010 INFLATION-ADJUSTED DOLLARS)!!Mean household income (dollars)"
"DP03_0063PM","Percent Margin of Error!!INCOME AND BENEFITS (IN 2010 INFLATION-ADJUSTED DOLLARS)!!Mean household income (dollars)"
"DP03_0064E","Estimate!!INCOME AND BENEFITS (IN 2010 INFLATION-ADJUSTED DOLLARS)!!With earnings"
"DP03_0064M","Estimate Margin of Error!!INCOME AND BENEFITS (IN 2010 INFLATION-ADJUSTED DOLLARS)!!With earnings"
"DP03_0064PE","Percent!!INCOME AND BENEFITS (IN 2010 INFLATION-ADJUSTED DOLLARS)!!With earnings"
"DP03_0064PM","Percent Margin of Error!!INCOME AND BENEFITS (IN 2010 INFLATION-ADJUSTED DOLLARS)!!With earnings"
"DP03_0065E","Estimate!!INCOME AND BENEFITS (IN 2010 INFLATION-ADJUSTED DOLLARS)!!With earnings!!Mean earnings (dollars)"
"DP03_0065M","Estimate Margin of Error!!INCOME AND BENEFITS (IN 2010 INFLATION-ADJUSTED DOLLARS)!!With earnings!!Mean earnings (dollars)"
"DP03_0065PE","Percent!!INCOME AND BENEFITS (IN 2010 INFLATION-ADJUSTED DOLLARS)!!With earnings!!Mean earnings (dollars)"
"DP03_0065PM","Percent Margin of Error!!INCOME AND BENEFITS (IN 2010 INFLATION-ADJUSTED DOLLARS)!!With earnings!!Mean earnings (dollars)"
"DP03_0066E","Estimate!!INCOME AND BENEFITS (IN 2010 INFLATION-ADJUSTED DOLLARS)!!With Social Security"
"DP03_0066M","Estimate Margin of Error!!INCOME AND BENEFITS (IN 2010 INFLATION-ADJUSTED DOLLARS)!!With Social Security"
"DP03_0066PE","Percent!!INCOME AND BENEFITS (IN 2010 INFLATION-ADJUSTED DOLLARS)!!With Social Security"
"DP03_0066PM","Percent Margin of Error!!INCOME AND BENEFITS (IN 2010 INFLATION-ADJUSTED DOLLARS)!!With Social Security"
"DP03_0067E","Estimate!!INCOME AND BENEFITS (IN 2010 INFLATION-ADJUSTED DOLLARS)!!With Social Security!!Mean Social Security income (dollars)"
"DP03_0067M","Estimate Margin of Error!!INCOME AND BENEFITS (IN 2010 INFLATION-ADJUSTED DOLLARS)!!With Social Security!!Mean Social Security income (dollars)"
"DP03_0067PE","Percent!!INCOME AND BENEFITS (IN 2010 INFLATION-ADJUSTED DOLLARS)!!With Social Security!!Mean Social Security income (dollars)"
"DP03_0067PM","Percent Margin of Error!!INCOME AND BENEFITS (IN 2010 INFLATION-ADJUSTED DOLLARS)!!With Social Security!!Mean Social Security income (dollars)"
"DP03_0068E","Estimate!!INCOME AND BENEFITS (IN 2010 INFLATION-ADJUSTED DOLLARS)!!With retirement income"
"DP03_0068M","Estimate Margin of Error!!INCOME AND BENEFITS (IN 2010 INFLATION-ADJUSTED DOLLARS)!!With retirement income"
"DP03_0068PE","Percent!!INCOME AND BENEFITS (IN 2010 INFLATION-ADJUSTED DOLLARS)!!With retirement income"
"DP03_0068PM","Percent Margin of Error!!INCOME AND BENEFITS (IN 2010 INFLATION-ADJUSTED DOLLARS)!!With retirement income"
"DP03_0069E","Estimate!!INCOME AND BENEFITS (IN 2010 INFLATION-ADJUSTED DOLLARS)!!With retirement income!!Mean retirement income (dollars)"
"DP03_0069M","Estimate Margin of Error!!INCOME AND BENEFITS (IN 2010 INFLATION-ADJUSTED DOLLARS)!!With retirement income!!Mean retirement income (dollars)"
"DP03_0069PE","Percent!!INCOME AND BENEFITS (IN 2010 INFLATION-ADJUSTED DOLLARS)!!With retirement income!!Mean retirement income (dollars)"
"DP03_0069PM","Percent Margin of Error!!INCOME AND BENEFITS (IN 2010 INFLATION-ADJUSTED DOLLARS)!!With retirement income!!Mean retirement income (dollars)"
"DP03_0070E","Estimate!!INCOME AND BENEFITS (IN 2010 INFLATION-ADJUSTED DOLLARS)!!With Supplemental Security Income"
"DP03_0070M","Estimate Margin of Error!!INCOME AND BENEFITS (IN 2010 INFLATION-ADJUSTED DOLLARS)!!With Supplemental Security Income"
"DP03_0070PE","Percent!!INCOME AND BENEFITS (IN 2010 INFLATION-ADJUSTED DOLLARS)!!With Supplemental Security Income"
"DP03_0070PM","Percent Margin of Error!!INCOME AND BENEFITS (IN 2010 INFLATION-ADJUSTED DOLLARS)!!With Supplemental Security Income"
"DP03_0071E","Estimate!!INCOME AND BENEFITS (IN 2010 INFLATION-ADJUSTED DOLLARS)!!With Supplemental Security Income!!Mean Supplemental Security Income (dollars)"
"DP03_0071M","Estimate Margin of Error!!INCOME AND BENEFITS (IN 2010 INFLATION-ADJUSTED DOLLARS)!!With Supplemental Security Income!!Mean Supplemental Security Income (dollars)"
"DP03_0071PE","Percent!!INCOME AND BENEFITS (IN 2010 INFLATION-ADJUSTED DOLLARS)!!With Supplemental Security Income!!Mean Supplemental Security Income (dollars)"
"DP03_0071PM","Percent Margin of Error!!INCOME AND BENEFITS (IN 2010 INFLATION-ADJUSTED DOLLARS)!!With Supplemental Security Income!!Mean Supplemental Security Income (dollars)"
"DP03_0072E","Estimate!!INCOME AND BENEFITS (IN 2010 INFLATION-ADJUSTED DOLLARS)!!With cash public assistance income"
"DP03_0072M","Estimate Margin of Error!!INCOME AND BENEFITS (IN 2010 INFLATION-ADJUSTED DOLLARS)!!With cash public assistance income"
"DP03_0072PE","Percent!!INCOME AND BENEFITS (IN 2010 INFLATION-ADJUSTED DOLLARS)!!With cash public assistance income"
"DP03_0072PM","Percent Margin of Error!!INCOME AND BENEFITS (IN 2010 INFLATION-ADJUSTED DOLLARS)!!With cash public assistance income"
"DP03_0073E","Estimate!!INCOME AND BENEFITS (IN 2010 INFLATION-ADJUSTED DOLLARS)!!With cash public assistance income!!Mean cash public assistance income (dollars)"
"DP03_0073M","Estimate Margin of Error!!INCOME AND BENEFITS (IN 2010 INFLATION-ADJUSTED DOLLARS)!!With cash public assistance income!!Mean cash public assistance income (dollars)"
"DP03_0073PE","Percent!!INCOME AND BENEFITS (IN 2010 INFLATION-ADJUSTED DOLLARS)!!With cash public assistance income!!Mean cash public assistance income (dollars)"
"DP03_0073PM","Percent Margin of Error!!INCOME AND BENEFITS (IN 2010 INFLATION-ADJUSTED DOLLARS)!!With cash public assistance income!!Mean cash public assistance income (dollars)"
"DP03_0074E","Estimate!!INCOME AND BENEFITS (IN 2010 INFLATION-ADJUSTED DOLLARS)!!With Food Stamp/SNAP benefits in the past 12 months"
"DP03_0074M","Estimate Margin of Error!!INCOME AND BENEFITS (IN 2010 INFLATION-ADJUSTED DOLLARS)!!With Food Stamp/SNAP benefits in the past 12 months"
"DP03_0074PE","Percent!!INCOME AND BENEFITS (IN 2010 INFLATION-ADJUSTED DOLLARS)!!With Food Stamp/SNAP benefits in the past 12 months"
"DP03_0074PM","Percent Margin of Error!!INCOME AND BENEFITS (IN 2010 INFLATION-ADJUSTED DOLLARS)!!With Food Stamp/SNAP benefits in the past 12 months"
"DP03_0075E","Estimate!!INCOME AND BENEFITS (IN 2010 INFLATION-ADJUSTED DOLLARS)!!Families"
"DP03_0075M","Estimate Margin of Error!!INCOME AND BENEFITS (IN 2010 INFLATION-ADJUSTED DOLLARS)!!Families"
"DP03_0075PE","Percent!!INCOME AND BENEFITS (IN 2010 INFLATION-ADJUSTED DOLLARS)!!Families"
"DP03_0075PM","Percent Margin of Error!!INCOME AND BENEFITS (IN 2010 INFLATION-ADJUSTED DOLLARS)!!Families"
"DP03_0076E","Estimate!!INCOME AND BENEFITS (IN 2010 INFLATION-ADJUSTED DOLLARS)!!Less than $10,000"
"DP03_0076M","Estimate Margin of Error!!INCOME AND BENEFITS (IN 2010 INFLATION-ADJUSTED DOLLARS)!!Less than $10,000"
"DP03_0076PE","Percent!!INCOME AND BENEFITS (IN 2010 INFLATION-ADJUSTED DOLLARS)!!Less than $10,000"
"DP03_0076PM","Percent Margin of Error!!INCOME AND BENEFITS (IN 2010 INFLATION-ADJUSTED DOLLARS)!!Less than $10,000"
"DP03_0077E","Estimate!!INCOME AND BENEFITS (IN 2010 INFLATION-ADJUSTED DOLLARS)!!$10,000 to $14,999"
"DP03_0077M","Estimate Margin of Error!!INCOME AND BENEFITS (IN 2010 INFLATION-ADJUSTED DOLLARS)!!$10,000 to $14,999"
"DP03_0077PE","Percent!!INCOME AND BENEFITS (IN 2010 INFLATION-ADJUSTED DOLLARS)!!$10,000 to $14,999"
"DP03_0077PM","Percent Margin of Error!!INCOME AND BENEFITS (IN 2010 INFLATION-ADJUSTED DOLLARS)!!$10,000 to $14,999"
"DP03_0078E","Estimate!!INCOME AND BENEFITS (IN 2010 INFLATION-ADJUSTED DOLLARS)!!$15,000 to $24,999"
"DP03_0078M","Estimate Margin of Error!!INCOME AND BENEFITS (IN 2010 INFLATION-ADJUSTED DOLLARS)!!$15,000 to $24,999"
"DP03_0078PE","Percent!!INCOME AND BENEFITS (IN 2010 INFLATION-ADJUSTED DOLLARS)!!$15,000 to $24,999"
"DP03_0078PM","Percent Margin of Error!!INCOME AND BENEFITS (IN 2010 INFLATION-ADJUSTED DOLLARS)!!$15,000 to $24,999"
"DP03_0079E","Estimate!!INCOME AND BENEFITS (IN 2010 INFLATION-ADJUSTED DOLLARS)!!$25,000 to $34,999"
"DP03_0079M","Estimate Margin of Error!!INCOME AND BENEFITS (IN 2010 INFLATION-ADJUSTED DOLLARS)!!$25,000 to $34,999"
"DP03_0079PE","Percent!!INCOME AND BENEFITS (IN 2010 INFLATION-ADJUSTED DOLLARS)!!$25,000 to $34,999"
"DP03_0079PM","Percent Margin of Error!!INCOME AND BENEFITS (IN 2010 INFLATION-ADJUSTED DOLLARS)!!$25,000 to $34,999"
"DP03_0080E","Estimate!!INCOME AND BENEFITS (IN 2010 INFLATION-ADJUSTED DOLLARS)!!$35,000 to $49,999"
"DP03_0080M","Estimate Margin of Error!!INCOME AND BENEFITS (IN 2010 INFLATION-ADJUSTED DOLLARS)!!$35,000 to $49,999"
"DP03_0080PE","Percent!!INCOME AND BENEFITS (IN 2010 INFLATION-ADJUSTED DOLLARS)!!$35,000 to $49,999"
"DP03_0080PM","Percent Margin of Error!!INCOME AND BENEFITS (IN 2010 INFLATION-ADJUSTED DOLLARS)!!$35,000 to $49,999"
"DP03_0081E","Estimate!!INCOME AND BENEFITS (IN 2010 INFLATION-ADJUSTED DOLLARS)!!$50,000 to $74,999"
"DP03_0081M","Estimate Margin of Error!!INCOME AND BENEFITS (IN 2010 INFLATION-ADJUSTED DOLLARS)!!$50,000 to $74,999"
"DP03_0081PE","Percent!!INCOME AND BENEFITS (IN 2010 INFLATION-ADJUSTED DOLLARS)!!$50,000 to $74,999"
"DP03_0081PM","Percent Margin of Error!!INCOME AND BENEFITS (IN 2010 INFLATION-ADJUSTED DOLLARS)!!$50,000 to $74,999"
"DP03_0082E","Estimate!!INCOME AND BENEFITS (IN 2010 INFLATION-ADJUSTED DOLLARS)!!$75,000 to $99,999"
"DP03_0082M","Estimate Margin of Error!!INCOME AND BENEFITS (IN 2010 INFLATION-ADJUSTED DOLLARS)!!$75,000 to $99,999"
"DP03_0082PE","Percent!!INCOME AND BENEFITS (IN 2010 INFLATION-ADJUSTED DOLLARS)!!$75,000 to $99,999"
"DP03_0082PM","Percent Margin of Error!!INCOME AND BENEFITS (IN 2010 INFLATION-ADJUSTED DOLLARS)!!$75,000 to $99,999"
"DP03_0083E","Estimate!!INCOME AND BENEFITS (IN 2010 INFLATION-ADJUSTED DOLLARS)!!$100,000 to $149,999"
"DP03_0083M","Estimate Margin of Error!!INCOME AND BENEFITS (IN 2010 INFLATION-ADJUSTED DOLLARS)!!$100,000 to $149,999"
"DP03_0083PE","Percent!!INCOME AND BENEFITS (IN 2010 INFLATION-ADJUSTED DOLLARS)!!$100,000 to $149,999"
"DP03_0083PM","Percent Margin of Error!!INCOME AND BENEFITS (IN 2010 INFLATION-ADJUSTED DOLLARS)!!$100,000 to $149,999"
"DP03_0084E","Estimate!!INCOME AND BENEFITS (IN 2010 INFLATION-ADJUSTED DOLLARS)!!$150,000 to $199,999"
"DP03_0084M","Estimate Margin of Error!!INCOME AND BENEFITS (IN 2010 INFLATION-ADJUSTED DOLLARS)!!$150,000 to $199,999"
"DP03_0084PE","Percent!!INCOME AND BENEFITS (IN 2010 INFLATION-ADJUSTED DOLLARS)!!$150,000 to $199,999"
"DP03_0084PM","Percent Margin of Error!!INCOME AND BENEFITS (IN 2010 INFLATION-ADJUSTED DOLLARS)!!$150,000 to $199,999"
"DP03_0085E","Estimate!!INCOME AND BENEFITS (IN 2010 INFLATION-ADJUSTED DOLLARS)!!$200,000 or more"
"DP03_0085M","Estimate Margin of Error!!INCOME AND BENEFITS (IN 2010 INFLATION-ADJUSTED DOLLARS)!!$200,000 or more"
"DP03_0085PE","Percent!!INCOME AND BENEFITS (IN 2010 INFLATION-ADJUSTED DOLLARS)!!$200,000 or more"
"DP03_0085PM","Percent Margin of Error!!INCOME AND BENEFITS (IN 2010 INFLATION-ADJUSTED DOLLARS)!!$200,000 or more"
"DP03_0086E","Estimate!!INCOME AND BENEFITS (IN 2010 INFLATION-ADJUSTED DOLLARS)!!Median family income (dollars)"
"DP03_0086M","Estimate Margin of Error!!INCOME AND BENEFITS (IN 2010 INFLATION-ADJUSTED DOLLARS)!!Median family income (dollars)"
"DP03_0086PE","Percent!!INCOME AND BENEFITS (IN 2010 INFLATION-ADJUSTED DOLLARS)!!Median family income (dollars)"
"DP03_0086PM","Percent Margin of Error!!INCOME AND BENEFITS (IN 2010 INFLATION-ADJUSTED DOLLARS)!!Median family income (dollars)"
"DP03_0087E","Estimate!!INCOME AND BENEFITS (IN 2010 INFLATION-ADJUSTED DOLLARS)!!Mean family income (dollars)"
"DP03_0087M","Estimate Margin of Error!!INCOME AND BENEFITS (IN 2010 INFLATION-ADJUSTED DOLLARS)!!Mean family income (dollars)"
"DP03_0087PE","Percent!!INCOME AND BENEFITS (IN 2010 INFLATION-ADJUSTED DOLLARS)!!Mean family income (dollars)"
"DP03_0087PM","Percent Margin of Error!!INCOME AND BENEFITS (IN 2010 INFLATION-ADJUSTED DOLLARS)!!Mean family income (dollars)"
"DP03_0088E","Estimate!!INCOME AND BENEFITS (IN 2010 INFLATION-ADJUSTED DOLLARS)!!Per capita income (dollars)"
"DP03_0088M","Estimate Margin of Error!!INCOME AND BENEFITS (IN 2010 INFLATION-ADJUSTED DOLLARS)!!Per capita income (dollars)"
"DP03_0088PE","Percent!!INCOME AND BENEFITS (IN 2010 INFLATION-ADJUSTED DOLLARS)!!Per capita income (dollars)"
"DP03_0088PM","Percent Margin of Error!!INCOME AND BENEFITS (IN 2010 INFLATION-ADJUSTED DOLLARS)!!Per capita income (dollars)"
"DP03_0089E","Estimate!!INCOME AND BENEFITS (IN 2010 INFLATION-ADJUSTED DOLLARS)!!Nonfamily households"
"DP03_0089M","Estimate Margin of Error!!INCOME AND BENEFITS (IN 2010 INFLATION-ADJUSTED DOLLARS)!!Nonfamily households"
"DP03_0089PE","Percent!!INCOME AND BENEFITS (IN 2010 INFLATION-ADJUSTED DOLLARS)!!Nonfamily households"
"DP03_0089PM","Percent Margin of Error!!INCOME AND BENEFITS (IN 2010 INFLATION-ADJUSTED DOLLARS)!!Nonfamily households"
"DP03_0090E","Estimate!!INCOME AND BENEFITS (IN 2010 INFLATION-ADJUSTED DOLLARS)!!Median nonfamily income (dollars)"
"DP03_0090M","Estimate Margin of Error!!INCOME AND BENEFITS (IN 2010 INFLATION-ADJUSTED DOLLARS)!!Median nonfamily income (dollars)"
"DP03_0090PE","Percent!!INCOME AND BENEFITS (IN 2010 INFLATION-ADJUSTED DOLLARS)!!Median nonfamily income (dollars)"
"DP03_0090PM","Percent Margin of Error!!INCOME AND BENEFITS (IN 2010 INFLATION-ADJUSTED DOLLARS)!!Median nonfamily income (dollars)"
"DP03_0091E","Estimate!!INCOME AND BENEFITS (IN 2010 INFLATION-ADJUSTED DOLLARS)!!Mean nonfamily income (dollars)"
"DP03_0091M","Estimate Margin of Error!!INCOME AND BENEFITS (IN 2010 INFLATION-ADJUSTED DOLLARS)!!Mean nonfamily income (dollars)"
"DP03_0091PE","Percent!!INCOME AND BENEFITS (IN 2010 INFLATION-ADJUSTED DOLLARS)!!Mean nonfamily income (dollars)"
"DP03_0091PM","Percent Margin of Error!!INCOME AND BENEFITS (IN 2010 INFLATION-ADJUSTED DOLLARS)!!Mean nonfamily income (dollars)"
"DP03_0092E","Estimate!!INCOME AND BENEFITS (IN 2010 INFLATION-ADJUSTED DOLLARS)!!Median earnings for workers (dollars)"
"DP03_0092M","Estimate Margin of Error!!INCOME AND BENEFITS (IN 2010 INFLATION-ADJUSTED DOLLARS)!!Median earnings for workers (dollars)"
"DP03_0092PE","Percent!!INCOME AND BENEFITS (IN 2010 INFLATION-ADJUSTED DOLLARS)!!Median earnings for workers (dollars)"
"DP03_0092PM","Percent Margin of Error!!INCOME AND BENEFITS (IN 2010 INFLATION-ADJUSTED DOLLARS)!!Median earnings for workers (dollars)"
"DP03_0093E","Estimate!!INCOME AND BENEFITS (IN 2010 INFLATION-ADJUSTED DOLLARS)!!Median earnings for male full-time, year-round workers (dollars)"
"DP03_0093M","Estimate Margin of Error!!INCOME AND BENEFITS (IN 2010 INFLATION-ADJUSTED DOLLARS)!!Median earnings for male full-time, year-round workers (dollars)"
"DP03_0093PE","Percent!!INCOME AND BENEFITS (IN 2010 INFLATION-ADJUSTED DOLLARS)!!Median earnings for male full-time, year-round workers (dollars)"
"DP03_0093PM","Percent Margin of Error!!INCOME AND BENEFITS (IN 2010 INFLATION-ADJUSTED DOLLARS)!!Median earnings for male full-time, year-round workers (dollars)"
"DP03_0094E","Estimate!!INCOME AND BENEFITS (IN 2010 INFLATION-ADJUSTED DOLLARS)!!Median earnings for female full-time, year-round workers (dollars)"
"DP03_0094M","Estimate Margin of Error!!INCOME AND BENEFITS (IN 2010 INFLATION-ADJUSTED DOLLARS)!!Median earnings for female full-time, year-round workers (dollars)"
"DP03_0094PE","Percent!!INCOME AND BENEFITS (IN 2010 INFLATION-ADJUSTED DOLLARS)!!Median earnings for female full-time, year-round workers (dollars)"
"DP03_0094PM","Percent Margin of Error!!INCOME AND BENEFITS (IN 2010 INFLATION-ADJUSTED DOLLARS)!!Median earnings for female full-time, year-round workers (dollars)"
"DP03_0095E","Estimate!!HEALTH INSURANCE COVERAGE!!Civilian noninstitutionalized population"
"DP03_0095M","Estimate Margin of Error!!HEALTH INSURANCE COVERAGE!!Civilian noninstitutionalized population"
"DP03_0095PE","Percent!!HEALTH INSURANCE COVERAGE!!Civilian noninstitutionalized population"
"DP03_0095PM","Percent Margin of Error!!HEALTH INSURANCE COVERAGE!!Civilian noninstitutionalized population"
"DP03_0096E","Estimate!!HEALTH INSURANCE COVERAGE!!With health insurance coverage"
"DP03_0096M","Estimate Margin of Error!!HEALTH INSURANCE COVERAGE!!With health insurance coverage"
"DP03_0096PE","Percent!!HEALTH INSURANCE COVERAGE!!With health insurance coverage"
"DP03_0096PM","Percent Margin of Error!!HEALTH INSURANCE COVERAGE!!With health insurance coverage"
"DP03_0097E","Estimate!!HEALTH INSURANCE COVERAGE!!With health insurance coverage!!With private health insurance"
"DP03_0097M","Estimate Margin of Error!!HEALTH INSURANCE COVERAGE!!With health insurance coverage!!With private health insurance"
"DP03_0097PE","Percent!!HEALTH INSURANCE COVERAGE!!With health insurance coverage!!With private health insurance"
"DP03_0097PM","Percent Margin of Error!!HEALTH INSURANCE COVERAGE!!With health insurance coverage!!With private health insurance"
"DP03_0098E","Estimate!!HEALTH INSURANCE COVERAGE!!With health insurance coverage!!With public coverage"
"DP03_0098M","Estimate Margin of Error!!HEALTH INSURANCE COVERAGE!!With health insurance coverage!!With public coverage"
"DP03_0098PE","Percent!!HEALTH INSURANCE COVERAGE!!With health insurance coverage!!With public coverage"
"DP03_0098PM","Percent Margin of Error!!HEALTH INSURANCE COVERAGE!!With health insurance coverage!!With public coverage"
"DP03_0099E","Estimate!!HEALTH INSURANCE COVERAGE!!No health insurance coverage"
"DP03_0099M","Estimate Margin of Error!!HEALTH INSURANCE COVERAGE!!No health insurance coverage"
"DP03_0099PE","Percent!!HEALTH INSURANCE COVERAGE!!No health insurance coverage"
"DP03_0099PM","Percent Margin of Error!!HEALTH INSURANCE COVERAGE!!No health insurance coverage"
"DP03_0100E","Estimate!!HEALTH INSURANCE COVERAGE!!Civilian noninstitutionalized population under 18 years"
"DP03_0100M","Estimate Margin of Error!!HEALTH INSURANCE COVERAGE!!Civilian noninstitutionalized population under 18 years"
"DP03_0100PE","Percent!!HEALTH INSURANCE COVERAGE!!Civilian noninstitutionalized population under 18 years"
"DP03_0100PM","Percent Margin of Error!!HEALTH INSURANCE COVERAGE!!Civilian noninstitutionalized population under 18 years"
"DP03_0101E","Estimate!!HEALTH INSURANCE COVERAGE!!No health insurance coverage"
"DP03_0101M","Estimate Margin of Error!!HEALTH INSURANCE COVERAGE!!No health insurance coverage"
"DP03_0101PE","Percent!!HEALTH INSURANCE COVERAGE!!No health insurance coverage"
"DP03_0101PM","Percent Margin of Error!!HEALTH INSURANCE COVERAGE!!No health insurance coverage"
"DP03_0102E","Estimate!!HEALTH INSURANCE COVERAGE!!Civilian noninstitutionalized population 18 to 64 years"
"DP03_0102M","Estimate Margin of Error!!HEALTH INSURANCE COVERAGE!!Civilian noninstitutionalized population 18 to 64 years"
"DP03_0102PE","Percent!!HEALTH INSURANCE COVERAGE!!Civilian noninstitutionalized population 18 to 64 years"
"DP03_0102PM","Percent Margin of Error!!HEALTH INSURANCE COVERAGE!!Civilian noninstitutionalized population 18 to 64 years"
"DP03_0103E","Estimate!!HEALTH INSURANCE COVERAGE!!In labor force"
"DP03_0103M","Estimate Margin of Error!!HEALTH INSURANCE COVERAGE!!In labor force"
"DP03_0103PE","Percent!!HEALTH INSURANCE COVERAGE!!In labor force"
"DP03_0103PM","Percent Margin of Error!!HEALTH INSURANCE COVERAGE!!In labor force"
"DP03_0104E","Estimate!!HEALTH INSURANCE COVERAGE!!In labor force!!Employed"
"DP03_0104M","Estimate Margin of Error!!HEALTH INSURANCE COVERAGE!!In labor force!!Employed"
"DP03_0104PE","Percent!!HEALTH INSURANCE COVERAGE!!In labor force!!Employed"
"DP03_0104PM","Percent Margin of Error!!HEALTH INSURANCE COVERAGE!!In labor force!!Employed"
"DP03_0105E","Estimate!!HEALTH INSURANCE COVERAGE!!In labor force!!Employed!!With health insurance coverage"
"DP03_0105M","Estimate Margin of Error!!HEALTH INSURANCE COVERAGE!!In labor force!!Employed!!With health insurance coverage"
"DP03_0105PE","Percent!!HEALTH INSURANCE COVERAGE!!In labor force!!Employed!!With health insurance coverage"
"DP03_0105PM","Percent Margin of Error!!HEALTH INSURANCE COVERAGE!!In labor force!!Employed!!With health insurance coverage"
"DP03_0106E","Estimate!!HEALTH INSURANCE COVERAGE!!In labor force!!Employed!!With health insurance coverage!!With private health insurance"
"DP03_0106M","Estimate Margin of Error!!HEALTH INSURANCE COVERAGE!!In labor force!!Employed!!With health insurance coverage!!With private health insurance"
"DP03_0106PE","Percent!!HEALTH INSURANCE COVERAGE!!In labor force!!Employed!!With health insurance coverage!!With private health insurance"
"DP03_0106PM","Percent Margin of Error!!HEALTH INSURANCE COVERAGE!!In labor force!!Employed!!With health insurance coverage!!With private health insurance"
"DP03_0107E","Estimate!!HEALTH INSURANCE COVERAGE!!In labor force!!Employed!!With health insurance coverage!!With public coverage"
"DP03_0107M","Estimate Margin of Error!!HEALTH INSURANCE COVERAGE!!In labor force!!Employed!!With health insurance coverage!!With public coverage"
"DP03_0107PE","Percent!!HEALTH INSURANCE COVERAGE!!In labor force!!Employed!!With health insurance coverage!!With public coverage"
"DP03_0107PM","Percent Margin of Error!!HEALTH INSURANCE COVERAGE!!In labor force!!Employed!!With health insurance coverage!!With public coverage"
"DP03_0108E","Estimate!!HEALTH INSURANCE COVERAGE!!In labor force!!Employed!!No health insurance coverage"
"DP03_0108M","Estimate Margin of Error!!HEALTH INSURANCE COVERAGE!!In labor force!!Employed!!No health insurance coverage"
"DP03_0108PE","Percent!!HEALTH INSURANCE COVERAGE!!In labor force!!Employed!!No health insurance coverage"
"DP03_0108PM","Percent Margin of Error!!HEALTH INSURANCE COVERAGE!!In labor force!!Employed!!No health insurance coverage"
"DP03_0109E","Estimate!!HEALTH INSURANCE COVERAGE!!In labor force!!Unemployed"
"DP03_0109M","Estimate Margin of Error!!HEALTH INSURANCE COVERAGE!!In labor force!!Unemployed"
"DP03_0109PE","Percent!!HEALTH INSURANCE COVERAGE!!In labor force!!Unemployed"
"DP03_0109PM","Percent Margin of Error!!HEALTH INSURANCE COVERAGE!!In labor force!!Unemployed"
"DP03_0110E","Estimate!!HEALTH INSURANCE COVERAGE!!In labor force!!Unemployed!!With health insurance coverage"
"DP03_0110M","Estimate Margin of Error!!HEALTH INSURANCE COVERAGE!!In labor force!!Unemployed!!With health insurance coverage"
"DP03_0110PE","Percent!!HEALTH INSURANCE COVERAGE!!In labor force!!Unemployed!!With health insurance coverage"
"DP03_0110PM","Percent Margin of Error!!HEALTH INSURANCE COVERAGE!!In labor force!!Unemployed!!With health insurance coverage"
"DP03_0111E","Estimate!!HEALTH INSURANCE COVERAGE!!In labor force!!Unemployed!!With health insurance coverage!!With private health insurance"
"DP03_0111M","Estimate Margin of Error!!HEALTH INSURANCE COVERAGE!!In labor force!!Unemployed!!With health insurance coverage!!With private health insurance"
"DP03_0111PE","Percent!!HEALTH INSURANCE COVERAGE!!In labor force!!Unemployed!!With health insurance coverage!!With private health insurance"
"DP03_0111PM","Percent Margin of Error!!HEALTH INSURANCE COVERAGE!!In labor force!!Unemployed!!With health insurance coverage!!With private health insurance"
"DP03_0112E","Estimate!!HEALTH INSURANCE COVERAGE!!In labor force!!Unemployed!!With health insurance coverage!!With public coverage"
"DP03_0112M","Estimate Margin of Error!!HEALTH INSURANCE COVERAGE!!In labor force!!Unemployed!!With health insurance coverage!!With public coverage"
"DP03_0112PE","Percent!!HEALTH INSURANCE COVERAGE!!In labor force!!Unemployed!!With health insurance coverage!!With public coverage"
"DP03_0112PM","Percent Margin of Error!!HEALTH INSURANCE COVERAGE!!In labor force!!Unemployed!!With health insurance coverage!!With public coverage"
"DP03_0113E","Estimate!!HEALTH INSURANCE COVERAGE!!In labor force!!Unemployed!!No health insurance coverage"
"DP03_0113M","Estimate Margin of Error!!HEALTH INSURANCE COVERAGE!!In labor force!!Unemployed!!No health insurance coverage"
"DP03_0113PE","Percent!!HEALTH INSURANCE COVERAGE!!In labor force!!Unemployed!!No health insurance coverage"
"DP03_0113PM","Percent Margin of Error!!HEALTH INSURANCE COVERAGE!!In labor force!!Unemployed!!No health insurance coverage"
"DP03_0114E","Estimate!!HEALTH INSURANCE COVERAGE!!Not in labor force"
"DP03_0114M","Estimate Margin of Error!!HEALTH INSURANCE COVERAGE!!Not in labor force"
"DP03_0114PE","Percent!!HEALTH INSURANCE COVERAGE!!Not in labor force"
"DP03_0114PM","Percent Margin of Error!!HEALTH INSURANCE COVERAGE!!Not in labor force"
"DP03_0115E","Estimate!!HEALTH INSURANCE COVERAGE!!Not in labor force!!With health insurance coverage"
"DP03_0115M","Estimate Margin of Error!!HEALTH INSURANCE COVERAGE!!Not in labor force!!With health insurance coverage"
"DP03_0115PE","Percent!!HEALTH INSURANCE COVERAGE!!Not in labor force!!With health insurance coverage"
"DP03_0115PM","Percent Margin of Error!!HEALTH INSURANCE COVERAGE!!Not in labor force!!With health insurance coverage"
"DP03_0116E","Estimate!!HEALTH INSURANCE COVERAGE!!Not in labor force!!With health insurance coverage!!With private health insurance"
"DP03_0116M","Estimate Margin of Error!!HEALTH INSURANCE COVERAGE!!Not in labor force!!With health insurance coverage!!With private health insurance"
"DP03_0116PE","Percent!!HEALTH INSURANCE COVERAGE!!Not in labor force!!With health insurance coverage!!With private health insurance"
"DP03_0116PM","Percent Margin of Error!!HEALTH INSURANCE COVERAGE!!Not in labor force!!With health insurance coverage!!With private health insurance"
"DP03_0117E","Estimate!!HEALTH INSURANCE COVERAGE!!Not in labor force!!With health insurance coverage!!With public coverage"
"DP03_0117M","Estimate Margin of Error!!HEALTH INSURANCE COVERAGE!!Not in labor force!!With health insurance coverage!!With public coverage"
"DP03_0117PE","Percent!!HEALTH INSURANCE COVERAGE!!Not in labor force!!With health insurance coverage!!With public coverage"
"DP03_0117PM","Percent Margin of Error!!HEALTH INSURANCE COVERAGE!!Not in labor force!!With health insurance coverage!!With public coverage"
"DP03_0118E","Estimate!!HEALTH INSURANCE COVERAGE!!Not in labor force!!No health insurance coverage"
"DP03_0118M","Estimate Margin of Error!!HEALTH INSURANCE COVERAGE!!Not in labor force!!No health insurance coverage"
"DP03_0118PE","Percent!!HEALTH INSURANCE COVERAGE!!Not in labor force!!No health insurance coverage"
"DP03_0118PM","Percent Margin of Error!!HEALTH INSURANCE COVERAGE!!Not in labor force!!No health insurance coverage"
"DP03_0119E","Estimate!!PERCENTAGE OF FAMILIES AND PEOPLE WHOSE INCOME IN THE PAST 12 MONTHS IS BELOW THE POVERTY LEVEL!!All families"
"DP03_0119M","Estimate Margin of Error!!PERCENTAGE OF FAMILIES AND PEOPLE WHOSE INCOME IN THE PAST 12 MONTHS IS BELOW THE POVERTY LEVEL!!All families"
"DP03_0119PE","Percent!!PERCENTAGE OF FAMILIES AND PEOPLE WHOSE INCOME IN THE PAST 12 MONTHS IS BELOW THE POVERTY LEVEL!!All families"
"DP03_0119PM","Percent Margin of Error!!PERCENTAGE OF FAMILIES AND PEOPLE WHOSE INCOME IN THE PAST 12 MONTHS IS BELOW THE POVERTY LEVEL!!All families"
"DP03_0120E","Estimate!!PERCENTAGE OF FAMILIES AND PEOPLE WHOSE INCOME IN THE PAST 12 MONTHS IS BELOW THE POVERTY LEVEL!!All families!!With related children under 18 years"
"DP03_0120M","Estimate Margin of Error!!PERCENTAGE OF FAMILIES AND PEOPLE WHOSE INCOME IN THE PAST 12 MONTHS IS BELOW THE POVERTY LEVEL!!All families!!With related children under 18 years"
"DP03_0120PE","Percent!!PERCENTAGE OF FAMILIES AND PEOPLE WHOSE INCOME IN THE PAST 12 MONTHS IS BELOW THE POVERTY LEVEL!!All families!!With related children under 18 years"
"DP03_0120PM","Percent Margin of Error!!PERCENTAGE OF FAMILIES AND PEOPLE WHOSE INCOME IN THE PAST 12 MONTHS IS BELOW THE POVERTY LEVEL!!All families!!With related children under 18 years"
"DP03_0121E","Estimate!!PERCENTAGE OF FAMILIES AND PEOPLE WHOSE INCOME IN THE PAST 12 MONTHS IS BELOW THE POVERTY LEVEL!!All families!!With related children under 18 years!!With related children under 5 years only"
"DP03_0121M","Estimate Margin of Error!!PERCENTAGE OF FAMILIES AND PEOPLE WHOSE INCOME IN THE PAST 12 MONTHS IS BELOW THE POVERTY LEVEL!!All families!!With related children under 18 years!!With related children under 5 years only"
"DP03_0121PE","Percent!!PERCENTAGE OF FAMILIES AND PEOPLE WHOSE INCOME IN THE PAST 12 MONTHS IS BELOW THE POVERTY LEVEL!!All families!!With related children under 18 years!!With related children under 5 years only"
"DP03_0121PM","Percent Margin of Error!!PERCENTAGE OF FAMILIES AND PEOPLE WHOSE INCOME IN THE PAST 12 MONTHS IS BELOW THE POVERTY LEVEL!!All families!!With related children under 18 years!!With related children under 5 years only"
"DP03_0122E","Estimate!!PERCENTAGE OF FAMILIES AND PEOPLE WHOSE INCOME IN THE PAST 12 MONTHS IS BELOW THE POVERTY LEVEL!!Married couple families"
"DP03_0122M","Estimate Margin of Error!!PERCENTAGE OF FAMILIES AND PEOPLE WHOSE INCOME IN THE PAST 12 MONTHS IS BELOW THE POVERTY LEVEL!!Married couple families"
"DP03_0122PE","Percent!!PERCENTAGE OF FAMILIES AND PEOPLE WHOSE INCOME IN THE PAST 12 MONTHS IS BELOW THE POVERTY LEVEL!!Married couple families"
"DP03_0122PM","Percent Margin of Error!!PERCENTAGE OF FAMILIES AND PEOPLE WHOSE INCOME IN THE PAST 12 MONTHS IS BELOW THE POVERTY LEVEL!!Married couple families"
"DP03_0123E","Estimate!!PERCENTAGE OF FAMILIES AND PEOPLE WHOSE INCOME IN THE PAST 12 MONTHS IS BELOW THE POVERTY LEVEL!!Married couple families!!With related children under 18 years"
"DP03_0123M","Estimate Margin of Error!!PERCENTAGE OF FAMILIES AND PEOPLE WHOSE INCOME IN THE PAST 12 MONTHS IS BELOW THE POVERTY LEVEL!!Married couple families!!With related children under 18 years"
"DP03_0123PE","Percent!!PERCENTAGE OF FAMILIES AND PEOPLE WHOSE INCOME IN THE PAST 12 MONTHS IS BELOW THE POVERTY LEVEL!!Married couple families!!With related children under 18 years"
"DP03_0123PM","Percent Margin of Error!!PERCENTAGE OF FAMILIES AND PEOPLE WHOSE INCOME IN THE PAST 12 MONTHS IS BELOW THE POVERTY LEVEL!!Married couple families!!With related children under 18 years"
"DP03_0124E","Estimate!!PERCENTAGE OF FAMILIES AND PEOPLE WHOSE INCOME IN THE PAST 12 MONTHS IS BELOW THE POVERTY LEVEL!!Married couple families!!With related children under 18 years!!With related children under 5 years only"
"DP03_0124M","Estimate Margin of Error!!PERCENTAGE OF FAMILIES AND PEOPLE WHOSE INCOME IN THE PAST 12 MONTHS IS BELOW THE POVERTY LEVEL!!Married couple families!!With related children under 18 years!!With related children under 5 years only"
"DP03_0124PE","Percent!!PERCENTAGE OF FAMILIES AND PEOPLE WHOSE INCOME IN THE PAST 12 MONTHS IS BELOW THE POVERTY LEVEL!!Married couple families!!With related children under 18 years!!With related children under 5 years only"
"DP03_0124PM","Percent Margin of Error!!PERCENTAGE OF FAMILIES AND PEOPLE WHOSE INCOME IN THE PAST 12 MONTHS IS BELOW THE POVERTY LEVEL!!Married couple families!!With related children under 18 years!!With related children under 5 years only"
"DP03_0125E","Estimate!!PERCENTAGE OF FAMILIES AND PEOPLE WHOSE INCOME IN THE PAST 12 MONTHS IS BELOW THE POVERTY LEVEL!!Families with female householder, no husband present"
"DP03_0125M","Estimate Margin of Error!!PERCENTAGE OF FAMILIES AND PEOPLE WHOSE INCOME IN THE PAST 12 MONTHS IS BELOW THE POVERTY LEVEL!!Families with female householder, no husband present"
"DP03_0125PE","Percent!!PERCENTAGE OF FAMILIES AND PEOPLE WHOSE INCOME IN THE PAST 12 MONTHS IS BELOW THE POVERTY LEVEL!!Families with female householder, no husband present"
"DP03_0125PM","Percent Margin of Error!!PERCENTAGE OF FAMILIES AND PEOPLE WHOSE INCOME IN THE PAST 12 MONTHS IS BELOW THE POVERTY LEVEL!!Families with female householder, no husband present"
"DP03_0126E","Estimate!!PERCENTAGE OF FAMILIES AND PEOPLE WHOSE INCOME IN THE PAST 12 MONTHS IS BELOW THE POVERTY LEVEL!!Families with female householder, no husband present!!With related children under 18 years"
"DP03_0126M","Estimate Margin of Error!!PERCENTAGE OF FAMILIES AND PEOPLE WHOSE INCOME IN THE PAST 12 MONTHS IS BELOW THE POVERTY LEVEL!!Families with female householder, no husband present!!With related children under 18 years"
"DP03_0126PE","Percent!!PERCENTAGE OF FAMILIES AND PEOPLE WHOSE INCOME IN THE PAST 12 MONTHS IS BELOW THE POVERTY LEVEL!!Families with female householder, no husband present!!With related children under 18 years"
"DP03_0126PM","Percent Margin of Error!!PERCENTAGE OF FAMILIES AND PEOPLE WHOSE INCOME IN THE PAST 12 MONTHS IS BELOW THE POVERTY LEVEL!!Families with female householder, no husband present!!With related children under 18 years"
"DP03_0127E","Estimate!!PERCENTAGE OF FAMILIES AND PEOPLE WHOSE INCOME IN THE PAST 12 MONTHS IS BELOW THE POVERTY LEVEL!!Families with female householder, no husband present!!With related children under 18 years!!With related children under 5 years only"
"DP03_0127M","Estimate Margin of Error!!PERCENTAGE OF FAMILIES AND PEOPLE WHOSE INCOME IN THE PAST 12 MONTHS IS BELOW THE POVERTY LEVEL!!Families with female householder, no husband present!!With related children under 18 years!!With related children under 5 years only"
"DP03_0127PE","Percent!!PERCENTAGE OF FAMILIES AND PEOPLE WHOSE INCOME IN THE PAST 12 MONTHS IS BELOW THE POVERTY LEVEL!!Families with female householder, no husband present!!With related children under 18 years!!With related children under 5 years only"
"DP03_0127PM","Percent Margin of Error!!PERCENTAGE OF FAMILIES AND PEOPLE WHOSE INCOME IN THE PAST 12 MONTHS IS BELOW THE POVERTY LEVEL!!Families with female householder, no husband present!!With related children under 18 years!!With related children under 5 years only"
"DP03_0128E","Estimate!!PERCENTAGE OF FAMILIES AND PEOPLE WHOSE INCOME IN THE PAST 12 MONTHS IS BELOW THE POVERTY LEVEL!!All people"
"DP03_0128M","Estimate Margin of Error!!PERCENTAGE OF FAMILIES AND PEOPLE WHOSE INCOME IN THE PAST 12 MONTHS IS BELOW THE POVERTY LEVEL!!All people"
"DP03_0128PE","Percent!!PERCENTAGE OF FAMILIES AND PEOPLE WHOSE INCOME IN THE PAST 12 MONTHS IS BELOW THE POVERTY LEVEL!!All people"
"DP03_0128PM","Percent Margin of Error!!PERCENTAGE OF FAMILIES AND PEOPLE WHOSE INCOME IN THE PAST 12 MONTHS IS BELOW THE POVERTY LEVEL!!All people"
"DP03_0129E","Estimate!!PERCENTAGE OF FAMILIES AND PEOPLE WHOSE INCOME IN THE PAST 12 MONTHS IS BELOW THE POVERTY LEVEL!!Under 18 years"
"DP03_0129M","Estimate Margin of Error!!PERCENTAGE OF FAMILIES AND PEOPLE WHOSE INCOME IN THE PAST 12 MONTHS IS BELOW THE POVERTY LEVEL!!Under 18 years"
"DP03_0129PE","Percent!!PERCENTAGE OF FAMILIES AND PEOPLE WHOSE INCOME IN THE PAST 12 MONTHS IS BELOW THE POVERTY LEVEL!!Under 18 years"
"DP03_0129PM","Percent Margin of Error!!PERCENTAGE OF FAMILIES AND PEOPLE WHOSE INCOME IN THE PAST 12 MONTHS IS BELOW THE POVERTY LEVEL!!Under 18 years"
"DP03_0130E","Estimate!!PERCENTAGE OF FAMILIES AND PEOPLE WHOSE INCOME IN THE PAST 12 MONTHS IS BELOW THE POVERTY LEVEL!!Under 18 years!!Related children under 18 years"
"DP03_0130M","Estimate Margin of Error!!PERCENTAGE OF FAMILIES AND PEOPLE WHOSE INCOME IN THE PAST 12 MONTHS IS BELOW THE POVERTY LEVEL!!Under 18 years!!Related children under 18 years"
"DP03_0130PE","Percent!!PERCENTAGE OF FAMILIES AND PEOPLE WHOSE INCOME IN THE PAST 12 MONTHS IS BELOW THE POVERTY LEVEL!!Under 18 years!!Related children under 18 years"
"DP03_0130PM","Percent Margin of Error!!PERCENTAGE OF FAMILIES AND PEOPLE WHOSE INCOME IN THE PAST 12 MONTHS IS BELOW THE POVERTY LEVEL!!Under 18 years!!Related children under 18 years"
"DP03_0131E","Estimate!!PERCENTAGE OF FAMILIES AND PEOPLE WHOSE INCOME IN THE PAST 12 MONTHS IS BELOW THE POVERTY LEVEL!!Under 18 years!!Related children under 18 years!!Related children under 5 years"
"DP03_0131M","Estimate Margin of Error!!PERCENTAGE OF FAMILIES AND PEOPLE WHOSE INCOME IN THE PAST 12 MONTHS IS BELOW THE POVERTY LEVEL!!Under 18 years!!Related children under 18 years!!Related children under 5 years"
"DP03_0131PE","Percent!!PERCENTAGE OF FAMILIES AND PEOPLE WHOSE INCOME IN THE PAST 12 MONTHS IS BELOW THE POVERTY LEVEL!!Under 18 years!!Related children under 18 years!!Related children under 5 years"
"DP03_0131PM","Percent Margin of Error!!PERCENTAGE OF FAMILIES AND PEOPLE WHOSE INCOME IN THE PAST 12 MONTHS IS BELOW THE POVERTY LEVEL!!Under 18 years!!Related children under 18 years!!Related children under 5 years"
"DP03_0132E","Estimate!!PERCENTAGE OF FAMILIES AND PEOPLE WHOSE INCOME IN THE PAST 12 MONTHS IS BELOW THE POVERTY LEVEL!!Under 18 years!!Related children under 18 years!!Related children 5 to 17 years"
"DP03_0132M","Estimate Margin of Error!!PERCENTAGE OF FAMILIES AND PEOPLE WHOSE INCOME IN THE PAST 12 MONTHS IS BELOW THE POVERTY LEVEL!!Under 18 years!!Related children under 18 years!!Related children 5 to 17 years"
"DP03_0132PE","Percent!!PERCENTAGE OF FAMILIES AND PEOPLE WHOSE INCOME IN THE PAST 12 MONTHS IS BELOW THE POVERTY LEVEL!!Under 18 years!!Related children under 18 years!!Related children 5 to 17 years"
"DP03_0132PM","Percent Margin of Error!!PERCENTAGE OF FAMILIES AND PEOPLE WHOSE INCOME IN THE PAST 12 MONTHS IS BELOW THE POVERTY LEVEL!!Under 18 years!!Related children under 18 years!!Related children 5 to 17 years"
"DP03_0133E","Estimate!!PERCENTAGE OF FAMILIES AND PEOPLE WHOSE INCOME IN THE PAST 12 MONTHS IS BELOW THE POVERTY LEVEL!!18 years and over"
"DP03_0133M","Estimate Margin of Error!!PERCENTAGE OF FAMILIES AND PEOPLE WHOSE INCOME IN THE PAST 12 MONTHS IS BELOW THE POVERTY LEVEL!!18 years and over"
"DP03_0133PE","Percent!!PERCENTAGE OF FAMILIES AND PEOPLE WHOSE INCOME IN THE PAST 12 MONTHS IS BELOW THE POVERTY LEVEL!!18 years and over"
"DP03_0133PM","Percent Margin of Error!!PERCENTAGE OF FAMILIES AND PEOPLE WHOSE INCOME IN THE PAST 12 MONTHS IS BELOW THE POVERTY LEVEL!!18 years and over"
"DP03_0134E","Estimate!!PERCENTAGE OF FAMILIES AND PEOPLE WHOSE INCOME IN THE PAST 12 MONTHS IS BELOW THE POVERTY LEVEL!!18 years and over!!18 to 64 years"
"DP03_0134M","Estimate Margin of Error!!PERCENTAGE OF FAMILIES AND PEOPLE WHOSE INCOME IN THE PAST 12 MONTHS IS BELOW THE POVERTY LEVEL!!18 years and over!!18 to 64 years"
"DP03_0134PE","Percent!!PERCENTAGE OF FAMILIES AND PEOPLE WHOSE INCOME IN THE PAST 12 MONTHS IS BELOW THE POVERTY LEVEL!!18 years and over!!18 to 64 years"
"DP03_0134PM","Percent Margin of Error!!PERCENTAGE OF FAMILIES AND PEOPLE WHOSE INCOME IN THE PAST 12 MONTHS IS BELOW THE POVERTY LEVEL!!18 years and over!!18 to 64 years"
"DP03_0135E","Estimate!!PERCENTAGE OF FAMILIES AND PEOPLE WHOSE INCOME IN THE PAST 12 MONTHS IS BELOW THE POVERTY LEVEL!!18 years and over!!65 years and over"
"DP03_0135M","Estimate Margin of Error!!PERCENTAGE OF FAMILIES AND PEOPLE WHOSE INCOME IN THE PAST 12 MONTHS IS BELOW THE POVERTY LEVEL!!18 years and over!!65 years and over"
"DP03_0135PE","Percent!!PERCENTAGE OF FAMILIES AND PEOPLE WHOSE INCOME IN THE PAST 12 MONTHS IS BELOW THE POVERTY LEVEL!!18 years and over!!65 years and over"
"DP03_0135PM","Percent Margin of Error!!PERCENTAGE OF FAMILIES AND PEOPLE WHOSE INCOME IN THE PAST 12 MONTHS IS BELOW THE POVERTY LEVEL!!18 years and over!!65 years and over"
"DP03_0136E","Estimate!!PERCENTAGE OF FAMILIES AND PEOPLE WHOSE INCOME IN THE PAST 12 MONTHS IS BELOW THE POVERTY LEVEL!!People in families"
"DP03_0136M","Estimate Margin of Error!!PERCENTAGE OF FAMILIES AND PEOPLE WHOSE INCOME IN THE PAST 12 MONTHS IS BELOW THE POVERTY LEVEL!!People in families"
"DP03_0136PE","Percent!!PERCENTAGE OF FAMILIES AND PEOPLE WHOSE INCOME IN THE PAST 12 MONTHS IS BELOW THE POVERTY LEVEL!!People in families"
"DP03_0136PM","Percent Margin of Error!!PERCENTAGE OF FAMILIES AND PEOPLE WHOSE INCOME IN THE PAST 12 MONTHS IS BELOW THE POVERTY LEVEL!!People in families"
"DP03_0137E","Estimate!!PERCENTAGE OF FAMILIES AND PEOPLE WHOSE INCOME IN THE PAST 12 MONTHS IS BELOW THE POVERTY LEVEL!!Unrelated individuals 15 years and over"
"DP03_0137M","Estimate Margin of Error!!PERCENTAGE OF FAMILIES AND PEOPLE WHOSE INCOME IN THE PAST 12 MONTHS IS BELOW THE POVERTY LEVEL!!Unrelated individuals 15 years and over"
"DP03_0137PE","Percent!!PERCENTAGE OF FAMILIES AND PEOPLE WHOSE INCOME IN THE PAST 12 MONTHS IS BELOW THE POVERTY LEVEL!!Unrelated individuals 15 years and over"
"DP03_0137PM","Percent Margin of Error!!PERCENTAGE OF FAMILIES AND PEOPLE WHOSE INCOME IN THE PAST 12 MONTHS IS BELOW THE POVERTY LEVEL!!Unrelated individuals 15 years and over"
